"","Exp","LTERYEAR","Plot","response","value","measure","YrFac","Trtmt","Subplot","sp"
"1","E303",2019,108,"rHeat",0.03,"soilM_m3m3",3,"HC","NW","108.NW"
"2","E303",2019,108,"rDrought",0.0172,"soilM_m3m3",3,"CD","NE","108.NE"
"3","E303",2019,108,"rHeatDrought",-0.003,"soilM_m3m3",3,"HD","SW","108.SW"
"4","E303",2019,109,"rHeat",0.0054,"soilM_m3m3",3,"HC","SW","109.SW"
"5","E303",2019,109,"rDrought",0.0098,"soilM_m3m3",3,"CD","NE","109.NE"
"6","E303",2019,109,"rHeatDrought",-0.0106,"soilM_m3m3",3,"HD","NW","109.NW"
"7","E303",2019,110,"rHeat",-0.00459999999999999,"soilM_m3m3",3,"HC","NW","110.NW"
"8","E303",2019,110,"rDrought",0.004,"soilM_m3m3",3,"CD","SE","110.SE"
"9","E303",2019,110,"rHeatDrought",-0.0052,"soilM_m3m3",3,"HD","SW","110.SW"
"10","E303",2019,201,"rHeat",-0.0208,"soilM_m3m3",3,"HC","NW","201.NW"
"11","E303",2019,201,"rDrought",-0.0236,"soilM_m3m3",3,"CD","SE","201.SE"
"12","E303",2019,201,"rHeatDrought",-0.0148,"soilM_m3m3",3,"HD","SW","201.SW"
"13","E303",2019,202,"rHeat",-0.00900000000000001,"soilM_m3m3",3,"HC","SW","202.SW"
"14","E303",2019,202,"rDrought",-0.0122,"soilM_m3m3",3,"CD","SE","202.SE"
"15","E303",2019,202,"rHeatDrought",-0.041,"soilM_m3m3",3,"HD","NW","202.NW"
"16","E303",2019,220,"rHeat",0.0102,"soilM_m3m3",3,"HC","NW","220.NW"
"17","E303",2019,220,"rDrought",0,"soilM_m3m3",3,"CD","NE","220.NE"
"18","E303",2019,220,"rHeatDrought",-0.0092,"soilM_m3m3",3,"HD","SW","220.SW"
"19","E303",2019,223,"rHeat",-0.00420000000000001,"soilM_m3m3",3,"HC","SW","223.SW"
"20","E303",2019,223,"rDrought",-0.0342,"soilM_m3m3",3,"CD","NE","223.NE"
"21","E303",2019,223,"rHeatDrought",-0.0274,"soilM_m3m3",3,"HD","NW","223.NW"
"22","E303",2019,229,"rHeat",-0.00839999999999999,"soilM_m3m3",3,"HC","NW","229.NW"
"23","E303",2019,229,"rDrought",-0.0156,"soilM_m3m3",3,"CD","SE","229.SE"
"24","E303",2019,229,"rHeatDrought",-0.0342,"soilM_m3m3",3,"HD","SW","229.SW"
"25","E303",2019,230,"rHeat",0.000200000000000006,"soilM_m3m3",3,"HC","SW","230.SW"
"26","E303",2019,230,"rDrought",-0.0364,"soilM_m3m3",3,"CD","SE","230.SE"
"27","E303",2019,230,"rHeatDrought",-0.0212,"soilM_m3m3",3,"HD","NW","230.NW"
"28","E303",2019,233,"rHeat",-0.0128,"soilM_m3m3",3,"HC","SW","233.SW"
"29","E303",2019,233,"rDrought",-0.0164,"soilM_m3m3",3,"CD","NE","233.NE"
"30","E303",2019,233,"rHeatDrought",-0.0288,"soilM_m3m3",3,"HD","NW","233.NW"
"31","E303",2019,237,"rHeat",-0.0018,"soilM_m3m3",3,"HC","SW","237.SW"
"32","E303",2019,237,"rDrought",-0.0232,"soilM_m3m3",3,"CD","NE","237.NE"
"33","E303",2019,237,"rHeatDrought",-0.027,"soilM_m3m3",3,"HD","NW","237.NW"
"34","E303",2019,268,"rHeat",-0.0044,"soilM_m3m3",3,"HC","SW","268.SW"
"35","E303",2019,268,"rDrought",-0.0176,"soilM_m3m3",3,"CD","NE","268.NE"
"36","E303",2019,268,"rHeatDrought",-0.0268,"soilM_m3m3",3,"HD","NW","268.NW"
"37","E303",2019,273,"rHeat",-0.00419999999999998,"soilM_m3m3",3,"HC","NW","273.NW"
"38","E303",2019,273,"rDrought",-0.0202,"soilM_m3m3",3,"CD","NE","273.NE"
"39","E303",2019,273,"rHeatDrought",-0.0212,"soilM_m3m3",3,"HD","SW","273.SW"
"40","E303",2019,29,"rHeat",0.00620000000000001,"soilM_m3m3",3,"HC","SW","29.SW"
"41","E303",2019,29,"rDrought",-0.0156,"soilM_m3m3",3,"CD","SE","29.SE"
"42","E303",2019,29,"rHeatDrought",-0.0214,"soilM_m3m3",3,"HD","NW","29.NW"
"43","E303",2019,299,"rHeat",-0.0018,"soilM_m3m3",3,"HC","NW","299.NW"
"44","E303",2019,299,"rDrought",-0.0206,"soilM_m3m3",3,"CD","SE","299.SE"
"45","E303",2019,299,"rHeatDrought",-0.021,"soilM_m3m3",3,"HD","SW","299.SW"
"46","E303",2019,301,"rHeat",-0.0108,"soilM_m3m3",3,"HC","SW","301.SW"
"47","E303",2019,301,"rDrought",-0.0378,"soilM_m3m3",3,"CD","SE","301.SE"
"48","E303",2019,301,"rHeatDrought",-0.0404,"soilM_m3m3",3,"HD","NW","301.NW"
"49","E303",2019,338,"rHeat",-0.000399999999999998,"soilM_m3m3",3,"HC","SW","338.SW"
"50","E303",2019,338,"rDrought",-0.0262,"soilM_m3m3",3,"CD","SE","338.SE"
"51","E303",2019,338,"rHeatDrought",-0.0334,"soilM_m3m3",3,"HD","NW","338.NW"
"52","E303",2019,69,"rHeat",0.0112,"soilM_m3m3",3,"HC","NW","69.NW"
"53","E303",2019,69,"rDrought",-0.017,"soilM_m3m3",3,"CD","NE","69.NE"
"54","E303",2019,69,"rHeatDrought",-0.0198,"soilM_m3m3",3,"HD","SW","69.SW"
"55","E303",2019,82,"rHeat",0.0258,"soilM_m3m3",3,"HC","NW","82.NW"
"56","E303",2019,82,"rDrought",0.0058,"soilM_m3m3",3,"CD","NE","82.NE"
"57","E303",2019,82,"rHeatDrought",-0.00460000000000001,"soilM_m3m3",3,"HD","SW","82.SW"
"58","E303",2019,83,"rHeat",-0.0126,"soilM_m3m3",3,"HC","SW","83.SW"
"59","E303",2019,83,"rDrought",-0.018,"soilM_m3m3",3,"CD","SE","83.SE"
"60","E303",2019,83,"rHeatDrought",-0.0304,"soilM_m3m3",3,"HD","NW","83.NW"
"61","E303",2019,108,"rHeat",-0.015,"soilM_m3m3",3,"HC","NW","108.NW"
"62","E303",2019,108,"rDrought",-0.0394,"soilM_m3m3",3,"CD","NE","108.NE"
"63","E303",2019,108,"rHeatDrought",-0.0576,"soilM_m3m3",3,"HD","SW","108.SW"
"64","E303",2019,109,"rHeat",-0.0314,"soilM_m3m3",3,"HC","SW","109.SW"
"65","E303",2019,109,"rDrought",-0.0334,"soilM_m3m3",3,"CD","NE","109.NE"
"66","E303",2019,109,"rHeatDrought",-0.0488,"soilM_m3m3",3,"HD","NW","109.NW"
"67","E303",2019,110,"rHeat",-0.02,"soilM_m3m3",3,"HC","NW","110.NW"
"68","E303",2019,110,"rDrought",-0.0178,"soilM_m3m3",3,"CD","SE","110.SE"
"69","E303",2019,110,"rHeatDrought",-0.0464,"soilM_m3m3",3,"HD","SW","110.SW"
"70","E303",2019,137,"rHeat",-0.0122,"soilM_m3m3",3,"HC","NW","137.NW"
"71","E303",2019,137,"rDrought",-0.0346,"soilM_m3m3",3,"CD","NE","137.NE"
"72","E303",2019,137,"rHeatDrought",-0.043,"soilM_m3m3",3,"HD","SW","137.SW"
"73","E303",2019,138,"rHeat",-0.03,"soilM_m3m3",3,"HC","SW","138.SW"
"74","E303",2019,138,"rDrought",-0.0368,"soilM_m3m3",3,"CD","NE","138.NE"
"75","E303",2019,138,"rHeatDrought",-0.039,"soilM_m3m3",3,"HD","NW","138.NW"
"76","E303",2019,167,"rHeat",-0.0286,"soilM_m3m3",3,"HC","NW","167.NW"
"77","E303",2019,167,"rDrought",-0.0354,"soilM_m3m3",3,"CD","SE","167.SE"
"78","E303",2019,167,"rHeatDrought",-0.0428,"soilM_m3m3",3,"HD","SW","167.SW"
"79","E303",2019,176,"rHeat",-0.0106,"soilM_m3m3",3,"HC","NW","176.NW"
"80","E303",2019,176,"rDrought",-0.029,"soilM_m3m3",3,"CD","NE","176.NE"
"81","E303",2019,176,"rHeatDrought",-0.036,"soilM_m3m3",3,"HD","SW","176.SW"
"82","E303",2019,201,"rHeat",-0.0128,"soilM_m3m3",3,"HC","NW","201.NW"
"83","E303",2019,201,"rDrought",-0.0318,"soilM_m3m3",3,"CD","SE","201.SE"
"84","E303",2019,201,"rHeatDrought",-0.041,"soilM_m3m3",3,"HD","SW","201.SW"
"85","E303",2019,202,"rHeat",0.000999999999999987,"soilM_m3m3",3,"HC","SW","202.SW"
"86","E303",2019,202,"rDrought",-0.0232,"soilM_m3m3",3,"CD","SE","202.SE"
"87","E303",2019,202,"rHeatDrought",-0.0478,"soilM_m3m3",3,"HD","NW","202.NW"
"88","E303",2019,220,"rHeat",-0.0196,"soilM_m3m3",3,"HC","NW","220.NW"
"89","E303",2019,220,"rDrought",-0.0514,"soilM_m3m3",3,"CD","NE","220.NE"
"90","E303",2019,220,"rHeatDrought",-0.0572,"soilM_m3m3",3,"HD","SW","220.SW"
"91","E303",2019,223,"rHeat",-0.022,"soilM_m3m3",3,"HC","SW","223.SW"
"92","E303",2019,223,"rDrought",-0.0426,"soilM_m3m3",3,"CD","NE","223.NE"
"93","E303",2019,223,"rHeatDrought",-0.043,"soilM_m3m3",3,"HD","NW","223.NW"
"94","E303",2019,229,"rHeat",-0.0106,"soilM_m3m3",3,"HC","NW","229.NW"
"95","E303",2019,229,"rDrought",-0.0324,"soilM_m3m3",3,"CD","SE","229.SE"
"96","E303",2019,229,"rHeatDrought",-0.0424,"soilM_m3m3",3,"HD","SW","229.SW"
"97","E303",2019,230,"rHeat",-0.0104,"soilM_m3m3",3,"HC","SW","230.SW"
"98","E303",2019,230,"rDrought",-0.038,"soilM_m3m3",3,"CD","SE","230.SE"
"99","E303",2019,230,"rHeatDrought",-0.0416,"soilM_m3m3",3,"HD","NW","230.NW"
"100","E303",2019,233,"rHeat",-0.0136,"soilM_m3m3",3,"HC","SW","233.SW"
"101","E303",2019,233,"rDrought",-0.0226,"soilM_m3m3",3,"CD","NE","233.NE"
"102","E303",2019,233,"rHeatDrought",-0.0218,"soilM_m3m3",3,"HD","NW","233.NW"
"103","E303",2019,237,"rHeat",-0.0282,"soilM_m3m3",3,"HC","SW","237.SW"
"104","E303",2019,237,"rDrought",-0.039,"soilM_m3m3",3,"CD","NE","237.NE"
"105","E303",2019,237,"rHeatDrought",-0.0518,"soilM_m3m3",3,"HD","NW","237.NW"
"106","E303",2019,253,"rHeat",-0.0236,"soilM_m3m3",3,"HC","NW","253.NW"
"107","E303",2019,253,"rDrought",-0.0462,"soilM_m3m3",3,"CD","SE","253.SE"
"108","E303",2019,253,"rHeatDrought",-0.0476,"soilM_m3m3",3,"HD","SW","253.SW"
"109","E303",2019,268,"rHeat",-0.00660000000000001,"soilM_m3m3",3,"HC","SW","268.SW"
"110","E303",2019,268,"rDrought",-0.0396,"soilM_m3m3",3,"CD","NE","268.NE"
"111","E303",2019,268,"rHeatDrought",-0.0414,"soilM_m3m3",3,"HD","NW","268.NW"
"112","E303",2019,273,"rHeat",0.0126,"soilM_m3m3",3,"HC","NW","273.NW"
"113","E303",2019,273,"rDrought",-0.0162,"soilM_m3m3",3,"CD","NE","273.NE"
"114","E303",2019,273,"rHeatDrought",-0.0394,"soilM_m3m3",3,"HD","SW","273.SW"
"115","E303",2019,280,"rHeat",-0.0294,"soilM_m3m3",3,"HC","NW","280.NW"
"116","E303",2019,280,"rDrought",-0.042,"soilM_m3m3",3,"CD","SE","280.SE"
"117","E303",2019,280,"rHeatDrought",-0.0564,"soilM_m3m3",3,"HD","SW","280.SW"
"118","E303",2019,282,"rHeat",-0.024,"soilM_m3m3",3,"HC","SW","282.SW"
"119","E303",2019,282,"rDrought",-0.0348,"soilM_m3m3",3,"CD","NE","282.NE"
"120","E303",2019,282,"rHeatDrought",-0.0422,"soilM_m3m3",3,"HD","NW","282.NW"
"121","E303",2019,286,"rHeat",-0.0296,"soilM_m3m3",3,"HC","NW","286.NW"
"122","E303",2019,286,"rDrought",-0.0324,"soilM_m3m3",3,"CD","SE","286.SE"
"123","E303",2019,286,"rHeatDrought",-0.0456,"soilM_m3m3",3,"HD","SW","286.SW"
"124","E303",2019,290,"rHeat",-0.0068,"soilM_m3m3",3,"HC","SW","290.SW"
"125","E303",2019,290,"rDrought",-0.0292,"soilM_m3m3",3,"CD","SE","290.SE"
"126","E303",2019,290,"rHeatDrought",-0.0318,"soilM_m3m3",3,"HD","NW","290.NW"
"127","E303",2019,291,"rHeat",-0.027,"soilM_m3m3",3,"HC","SW","291.SW"
"128","E303",2019,291,"rDrought",-0.0316,"soilM_m3m3",3,"CD","SE","291.SE"
"129","E303",2019,291,"rHeatDrought",-0.0298,"soilM_m3m3",3,"HD","NW","291.NW"
"130","E303",2019,299,"rHeat",-0.0192,"soilM_m3m3",3,"HC","NW","299.NW"
"131","E303",2019,299,"rDrought",-0.0484,"soilM_m3m3",3,"CD","SE","299.SE"
"132","E303",2019,299,"rHeatDrought",-0.0534,"soilM_m3m3",3,"HD","SW","299.SW"
"133","E303",2019,301,"rHeat",-0.0182,"soilM_m3m3",3,"HC","SW","301.SW"
"134","E303",2019,301,"rDrought",-0.047,"soilM_m3m3",3,"CD","SE","301.SE"
"135","E303",2019,301,"rHeatDrought",-0.0496,"soilM_m3m3",3,"HD","NW","301.NW"
"136","E303",2019,325,"rHeat",-0.0242,"soilM_m3m3",3,"HC","SW","325.SW"
"137","E303",2019,325,"rDrought",-0.0342,"soilM_m3m3",3,"CD","NE","325.NE"
"138","E303",2019,325,"rHeatDrought",-0.034,"soilM_m3m3",3,"HD","NW","325.NW"
"139","E303",2019,328,"rHeat",-0.0018,"soilM_m3m3",3,"HC","SW","328.SW"
"140","E303",2019,328,"rDrought",-0.0394,"soilM_m3m3",3,"CD","SE","328.SE"
"141","E303",2019,328,"rHeatDrought",-0.0476,"soilM_m3m3",3,"HD","NW","328.NW"
"142","E303",2019,338,"rHeat",-0.0148,"soilM_m3m3",3,"HC","SW","338.SW"
"143","E303",2019,338,"rDrought",-0.0242,"soilM_m3m3",3,"CD","SE","338.SE"
"144","E303",2019,338,"rHeatDrought",-0.036,"soilM_m3m3",3,"HD","NW","338.NW"
"145","E303",2019,82,"rHeat",-1.38777878078145e-17,"soilM_m3m3",3,"HC","NW","82.NW"
"146","E303",2019,82,"rDrought",-0.0318,"soilM_m3m3",3,"CD","NE","82.NE"
"147","E303",2019,82,"rHeatDrought",-0.0322,"soilM_m3m3",3,"HD","SW","82.SW"
"148","E303",2019,83,"rHeat",-0.0148,"soilM_m3m3",3,"HC","SW","83.SW"
"149","E303",2019,83,"rDrought",-0.0422,"soilM_m3m3",3,"CD","SE","83.SE"
"150","E303",2019,83,"rHeatDrought",-0.0408,"soilM_m3m3",3,"HD","NW","83.NW"
"151","E303",2019,108,"rHeat",0.003,"soilM_m3m3",3,"HC","NW","108.NW"
"152","E303",2019,108,"rDrought",0.0036,"soilM_m3m3",3,"CD","NE","108.NE"
"153","E303",2019,108,"rHeatDrought",-0.0012,"soilM_m3m3",3,"HD","SW","108.SW"
"154","E303",2019,109,"rHeat",-0.0132,"soilM_m3m3",3,"HC","SW","109.SW"
"155","E303",2019,109,"rDrought",-0.0084,"soilM_m3m3",3,"CD","NE","109.NE"
"156","E303",2019,109,"rHeatDrought",-0.017,"soilM_m3m3",3,"HD","NW","109.NW"
"157","E303",2019,110,"rHeat",-0.015,"soilM_m3m3",3,"HC","NW","110.NW"
"158","E303",2019,110,"rDrought",-0.00600000000000001,"soilM_m3m3",3,"CD","SE","110.SE"
"159","E303",2019,110,"rHeatDrought",-0.0146,"soilM_m3m3",3,"HD","SW","110.SW"
"160","E303",2019,137,"rHeat",0.0034,"soilM_m3m3",3,"HC","NW","137.NW"
"161","E303",2019,137,"rDrought",-0.002,"soilM_m3m3",3,"CD","NE","137.NE"
"162","E303",2019,137,"rHeatDrought",-0.0024,"soilM_m3m3",3,"HD","SW","137.SW"
"163","E303",2019,138,"rHeat",-0.002,"soilM_m3m3",3,"HC","SW","138.SW"
"164","E303",2019,138,"rDrought",-0.002,"soilM_m3m3",3,"CD","NE","138.NE"
"165","E303",2019,138,"rHeatDrought",0.001,"soilM_m3m3",3,"HD","NW","138.NW"
"166","E303",2019,167,"rHeat",-0.0064,"soilM_m3m3",3,"HC","NW","167.NW"
"167","E303",2019,167,"rDrought",-0.006,"soilM_m3m3",3,"CD","SE","167.SE"
"168","E303",2019,167,"rHeatDrought",-0.0122,"soilM_m3m3",3,"HD","SW","167.SW"
"169","E303",2019,176,"rHeat",-0.000999999999999997,"soilM_m3m3",3,"HC","NW","176.NW"
"170","E303",2019,176,"rDrought",0.0024,"soilM_m3m3",3,"CD","NE","176.NE"
"171","E303",2019,176,"rHeatDrought",-0.000199999999999999,"soilM_m3m3",3,"HD","SW","176.SW"
"172","E303",2019,201,"rHeat",0.0018,"soilM_m3m3",3,"HC","NW","201.NW"
"173","E303",2019,201,"rDrought",-0.0034,"soilM_m3m3",3,"CD","SE","201.SE"
"174","E303",2019,201,"rHeatDrought",-0.001,"soilM_m3m3",3,"HD","SW","201.SW"
"175","E303",2019,202,"rHeat",0.0092,"soilM_m3m3",3,"HC","SW","202.SW"
"176","E303",2019,202,"rDrought",0.01,"soilM_m3m3",3,"CD","SE","202.SE"
"177","E303",2019,202,"rHeatDrought",0.0042,"soilM_m3m3",3,"HD","NW","202.NW"
"178","E303",2019,220,"rHeat",-0.0074,"soilM_m3m3",3,"HC","NW","220.NW"
"179","E303",2019,220,"rDrought",-0.0056,"soilM_m3m3",3,"CD","NE","220.NE"
"180","E303",2019,220,"rHeatDrought",-0.007,"soilM_m3m3",3,"HD","SW","220.SW"
"181","E303",2019,223,"rHeat",-6e-04,"soilM_m3m3",3,"HC","SW","223.SW"
"182","E303",2019,223,"rDrought",0.004,"soilM_m3m3",3,"CD","NE","223.NE"
"183","E303",2019,223,"rHeatDrought",-0.0042,"soilM_m3m3",3,"HD","NW","223.NW"
"184","E303",2019,229,"rHeat",-0.0014,"soilM_m3m3",3,"HC","NW","229.NW"
"185","E303",2019,229,"rDrought",-0.0024,"soilM_m3m3",3,"CD","SE","229.SE"
"186","E303",2019,229,"rHeatDrought",-0.006,"soilM_m3m3",3,"HD","SW","229.SW"
"187","E303",2019,230,"rHeat",0.0028,"soilM_m3m3",3,"HC","SW","230.SW"
"188","E303",2019,230,"rDrought",0,"soilM_m3m3",3,"CD","SE","230.SE"
"189","E303",2019,230,"rHeatDrought",-0.0052,"soilM_m3m3",3,"HD","NW","230.NW"
"190","E303",2019,233,"rHeat",0.002,"soilM_m3m3",3,"HC","SW","233.SW"
"191","E303",2019,233,"rDrought",0.000200000000000002,"soilM_m3m3",3,"CD","NE","233.NE"
"192","E303",2019,233,"rHeatDrought",-0.0026,"soilM_m3m3",3,"HD","NW","233.NW"
"193","E303",2019,237,"rHeat",-0.000599999999999996,"soilM_m3m3",3,"HC","SW","237.SW"
"194","E303",2019,237,"rDrought",-0.000199999999999999,"soilM_m3m3",3,"CD","NE","237.NE"
"195","E303",2019,237,"rHeatDrought",-0.01,"soilM_m3m3",3,"HD","NW","237.NW"
"196","E303",2019,253,"rHeat",-0.000800000000000002,"soilM_m3m3",3,"HC","NW","253.NW"
"197","E303",2019,253,"rDrought",-0.0032,"soilM_m3m3",3,"CD","SE","253.SE"
"198","E303",2019,253,"rHeatDrought",-0.0054,"soilM_m3m3",3,"HD","SW","253.SW"
"199","E303",2019,268,"rHeat",-0.0056,"soilM_m3m3",3,"HC","SW","268.SW"
"200","E303",2019,268,"rDrought",-0.0032,"soilM_m3m3",3,"CD","NE","268.NE"
"201","E303",2019,268,"rHeatDrought",-0.0044,"soilM_m3m3",3,"HD","NW","268.NW"
"202","E303",2019,273,"rHeat",0.001,"soilM_m3m3",3,"HC","NW","273.NW"
"203","E303",2019,273,"rDrought",0.0046,"soilM_m3m3",3,"CD","NE","273.NE"
"204","E303",2019,273,"rHeatDrought",-0.0018,"soilM_m3m3",3,"HD","SW","273.SW"
"205","E303",2019,280,"rHeat",-0.009,"soilM_m3m3",3,"HC","NW","280.NW"
"206","E303",2019,280,"rDrought",-0.0054,"soilM_m3m3",3,"CD","SE","280.SE"
"207","E303",2019,280,"rHeatDrought",-0.0082,"soilM_m3m3",3,"HD","SW","280.SW"
"208","E303",2019,29,"rHeat",-0.0022,"soilM_m3m3",3,"HC","SW","29.SW"
"209","E303",2019,29,"rDrought",-0.0014,"soilM_m3m3",3,"CD","SE","29.SE"
"210","E303",2019,29,"rHeatDrought",-0.0044,"soilM_m3m3",3,"HD","NW","29.NW"
"211","E303",2019,291,"rHeat",-0.0064,"soilM_m3m3",3,"HC","SW","291.SW"
"212","E303",2019,291,"rDrought",-0.003,"soilM_m3m3",3,"CD","SE","291.SE"
"213","E303",2019,291,"rHeatDrought",-0.0054,"soilM_m3m3",3,"HD","NW","291.NW"
"214","E303",2019,299,"rHeat",0,"soilM_m3m3",3,"HC","NW","299.NW"
"215","E303",2019,299,"rDrought",0.006,"soilM_m3m3",3,"CD","SE","299.SE"
"216","E303",2019,299,"rHeatDrought",0.0028,"soilM_m3m3",3,"HD","SW","299.SW"
"217","E303",2019,301,"rHeat",-0.002,"soilM_m3m3",3,"HC","SW","301.SW"
"218","E303",2019,301,"rDrought",-0.0018,"soilM_m3m3",3,"CD","SE","301.SE"
"219","E303",2019,301,"rHeatDrought",-0.0046,"soilM_m3m3",3,"HD","NW","301.NW"
"220","E303",2019,338,"rHeat",-0.0014,"soilM_m3m3",3,"HC","SW","338.SW"
"221","E303",2019,338,"rDrought",0.0048,"soilM_m3m3",3,"CD","SE","338.SE"
"222","E303",2019,338,"rHeatDrought",-0.0018,"soilM_m3m3",3,"HD","NW","338.NW"
"223","E303",2019,69,"rHeat",0.0026,"soilM_m3m3",3,"HC","NW","69.NW"
"224","E303",2019,69,"rDrought",0.0052,"soilM_m3m3",3,"CD","NE","69.NE"
"225","E303",2019,69,"rHeatDrought",-0.000199999999999999,"soilM_m3m3",3,"HD","SW","69.SW"
"226","E303",2019,82,"rHeat",0.0016,"soilM_m3m3",3,"HC","NW","82.NW"
"227","E303",2019,82,"rDrought",-0.006,"soilM_m3m3",3,"CD","NE","82.NE"
"228","E303",2019,82,"rHeatDrought",-0.005,"soilM_m3m3",3,"HD","SW","82.SW"
"229","E303",2019,83,"rHeat",-0.0056,"soilM_m3m3",3,"HC","SW","83.SW"
"230","E303",2019,83,"rDrought",-0.0044,"soilM_m3m3",3,"CD","SE","83.SE"
"231","E303",2019,83,"rHeatDrought",-0.005,"soilM_m3m3",3,"HD","NW","83.NW"
"232","E303",2019,108,"rHeat",0.0228,"soilM_m3m3",3,"HC","NW","108.NW"
"233","E303",2019,108,"rDrought",0.0014,"soilM_m3m3",3,"CD","NE","108.NE"
"234","E303",2019,108,"rHeatDrought",-0.0204,"soilM_m3m3",3,"HD","SW","108.SW"
"235","E303",2019,109,"rHeat",-0.0126,"soilM_m3m3",3,"HC","SW","109.SW"
"236","E303",2019,109,"rDrought",0.00219999999999999,"soilM_m3m3",3,"CD","NE","109.NE"
"237","E303",2019,109,"rHeatDrought",-0.0176,"soilM_m3m3",3,"HD","NW","109.NW"
"238","E303",2019,110,"rHeat",-0.0092,"soilM_m3m3",3,"HC","NW","110.NW"
"239","E303",2019,110,"rDrought",0.002,"soilM_m3m3",3,"CD","SE","110.SE"
"240","E303",2019,110,"rHeatDrought",-0.0212,"soilM_m3m3",3,"HD","SW","110.SW"
"241","E303",2019,201,"rHeat",-0.0132,"soilM_m3m3",3,"HC","NW","201.NW"
"242","E303",2019,201,"rDrought",-0.0114,"soilM_m3m3",3,"CD","SE","201.SE"
"243","E303",2019,201,"rHeatDrought",-0.0192,"soilM_m3m3",3,"HD","SW","201.SW"
"244","E303",2019,202,"rHeat",-0.0116,"soilM_m3m3",3,"HC","SW","202.SW"
"245","E303",2019,202,"rDrought",-0.0072,"soilM_m3m3",3,"CD","SE","202.SE"
"246","E303",2019,202,"rHeatDrought",-0.0176,"soilM_m3m3",3,"HD","NW","202.NW"
"247","E303",2019,220,"rHeat",-0.0016,"soilM_m3m3",3,"HC","NW","220.NW"
"248","E303",2019,220,"rDrought",-0.0048,"soilM_m3m3",3,"CD","NE","220.NE"
"249","E303",2019,220,"rHeatDrought",-0.029,"soilM_m3m3",3,"HD","SW","220.SW"
"250","E303",2019,223,"rHeat",-0.0178,"soilM_m3m3",3,"HC","SW","223.SW"
"251","E303",2019,223,"rDrought",-0.0224,"soilM_m3m3",3,"CD","NE","223.NE"
"252","E303",2019,223,"rHeatDrought",-0.0356,"soilM_m3m3",3,"HD","NW","223.NW"
"253","E303",2019,229,"rHeat",-0.0206,"soilM_m3m3",3,"HC","NW","229.NW"
"254","E303",2019,229,"rDrought",-0.011,"soilM_m3m3",3,"CD","SE","229.SE"
"255","E303",2019,229,"rHeatDrought",-0.0282,"soilM_m3m3",3,"HD","SW","229.SW"
"256","E303",2019,230,"rHeat",-0.0166,"soilM_m3m3",3,"HC","SW","230.SW"
"257","E303",2019,230,"rDrought",-0.0164,"soilM_m3m3",3,"CD","SE","230.SE"
"258","E303",2019,230,"rHeatDrought",-0.0352,"soilM_m3m3",3,"HD","NW","230.NW"
"259","E303",2019,233,"rHeat",-0.0176,"soilM_m3m3",3,"HC","SW","233.SW"
"260","E303",2019,233,"rDrought",-0.028,"soilM_m3m3",3,"CD","NE","233.NE"
"261","E303",2019,233,"rHeatDrought",-0.035,"soilM_m3m3",3,"HD","NW","233.NW"
"262","E303",2019,237,"rHeat",0.0084,"soilM_m3m3",3,"HC","SW","237.SW"
"263","E303",2019,237,"rDrought",-0.0158,"soilM_m3m3",3,"CD","NE","237.NE"
"264","E303",2019,237,"rHeatDrought",-0.0118,"soilM_m3m3",3,"HD","NW","237.NW"
"265","E303",2019,253,"rHeat",-0.00739999999999999,"soilM_m3m3",3,"HC","NW","253.NW"
"266","E303",2019,253,"rDrought",-0.0252,"soilM_m3m3",3,"CD","SE","253.SE"
"267","E303",2019,253,"rHeatDrought",-0.0322,"soilM_m3m3",3,"HD","SW","253.SW"
"268","E303",2019,268,"rHeat",-0.0142,"soilM_m3m3",3,"HC","SW","268.SW"
"269","E303",2019,268,"rDrought",0.003,"soilM_m3m3",3,"CD","NE","268.NE"
"270","E303",2019,268,"rHeatDrought",-0.0214,"soilM_m3m3",3,"HD","NW","268.NW"
"271","E303",2019,273,"rHeat",-0.0016,"soilM_m3m3",3,"HC","NW","273.NW"
"272","E303",2019,273,"rDrought",-0.0106,"soilM_m3m3",3,"CD","NE","273.NE"
"273","E303",2019,273,"rHeatDrought",-0.0166,"soilM_m3m3",3,"HD","SW","273.SW"
"274","E303",2019,280,"rHeat",-0.0152,"soilM_m3m3",3,"HC","NW","280.NW"
"275","E303",2019,280,"rDrought",-0.0018,"soilM_m3m3",3,"CD","SE","280.SE"
"276","E303",2019,280,"rHeatDrought",-0.0178,"soilM_m3m3",3,"HD","SW","280.SW"
"277","E303",2019,286,"rHeat",-0.031,"soilM_m3m3",3,"HC","NW","286.NW"
"278","E303",2019,286,"rDrought",-0.0116,"soilM_m3m3",3,"CD","SE","286.SE"
"279","E303",2019,286,"rHeatDrought",-0.0284,"soilM_m3m3",3,"HD","SW","286.SW"
"280","E303",2019,29,"rHeat",0.0126,"soilM_m3m3",3,"HC","SW","29.SW"
"281","E303",2019,29,"rDrought",-0.000799999999999995,"soilM_m3m3",3,"CD","SE","29.SE"
"282","E303",2019,29,"rHeatDrought",-0.004,"soilM_m3m3",3,"HD","NW","29.NW"
"283","E303",2019,290,"rHeat",-0.0204,"soilM_m3m3",3,"HC","SW","290.SW"
"284","E303",2019,290,"rDrought",-0.0196,"soilM_m3m3",3,"CD","SE","290.SE"
"285","E303",2019,290,"rHeatDrought",-0.025,"soilM_m3m3",3,"HD","NW","290.NW"
"286","E303",2019,291,"rHeat",-0.0436,"soilM_m3m3",3,"HC","SW","291.SW"
"287","E303",2019,291,"rDrought",-0.0336,"soilM_m3m3",3,"CD","SE","291.SE"
"288","E303",2019,291,"rHeatDrought",-0.0494,"soilM_m3m3",3,"HD","NW","291.NW"
"289","E303",2019,299,"rHeat",0.00779999999999999,"soilM_m3m3",3,"HC","NW","299.NW"
"290","E303",2019,299,"rDrought",-0.002,"soilM_m3m3",3,"CD","SE","299.SE"
"291","E303",2019,299,"rHeatDrought",-0.012,"soilM_m3m3",3,"HD","SW","299.SW"
"292","E303",2019,301,"rHeat",-0.0134,"soilM_m3m3",3,"HC","SW","301.SW"
"293","E303",2019,301,"rDrought",-0.016,"soilM_m3m3",3,"CD","SE","301.SE"
"294","E303",2019,301,"rHeatDrought",-0.0288,"soilM_m3m3",3,"HD","NW","301.NW"
"295","E303",2019,325,"rHeat",-0.0104,"soilM_m3m3",3,"HC","SW","325.SW"
"296","E303",2019,325,"rDrought",-0.00600000000000001,"soilM_m3m3",3,"CD","NE","325.NE"
"297","E303",2019,325,"rHeatDrought",-0.0222,"soilM_m3m3",3,"HD","NW","325.NW"
"298","E303",2019,328,"rHeat",-0.0112,"soilM_m3m3",3,"HC","SW","328.SW"
"299","E303",2019,328,"rDrought",-0.018,"soilM_m3m3",3,"CD","SE","328.SE"
"300","E303",2019,328,"rHeatDrought",-0.0248,"soilM_m3m3",3,"HD","NW","328.NW"
"301","E303",2019,338,"rHeat",-0.00899999999999999,"soilM_m3m3",3,"HC","SW","338.SW"
"302","E303",2019,338,"rDrought",-0.0194,"soilM_m3m3",3,"CD","SE","338.SE"
"303","E303",2019,338,"rHeatDrought",-0.0234,"soilM_m3m3",3,"HD","NW","338.NW"
"304","E303",2019,69,"rHeat",-0.0108,"soilM_m3m3",3,"HC","NW","69.NW"
"305","E303",2019,69,"rDrought",-0.0202,"soilM_m3m3",3,"CD","NE","69.NE"
"306","E303",2019,69,"rHeatDrought",-0.028,"soilM_m3m3",3,"HD","SW","69.SW"
"307","E303",2019,82,"rHeat",-0.000399999999999998,"soilM_m3m3",3,"HC","NW","82.NW"
"308","E303",2019,82,"rDrought",-0.0216,"soilM_m3m3",3,"CD","NE","82.NE"
"309","E303",2019,82,"rHeatDrought",-0.0162,"soilM_m3m3",3,"HD","SW","82.SW"
"310","E303",2019,83,"rHeat",-0.017,"soilM_m3m3",3,"HC","SW","83.SW"
"311","E303",2019,83,"rDrought",-0.0048,"soilM_m3m3",3,"CD","SE","83.SE"
"312","E303",2019,83,"rHeatDrought",-0.0312,"soilM_m3m3",3,"HD","NW","83.NW"
"313","E303",2020,108,"rHeat",0.022,"soilM_m3m3",4,"HC","NW","108.NW"
"314","E303",2020,108,"rDrought",0.0014,"soilM_m3m3",4,"CD","NE","108.NE"
"315","E303",2020,108,"rHeatDrought",-0.0014,"soilM_m3m3",4,"HD","SW","108.SW"
"316","E303",2020,109,"rHeat",-0.0072,"soilM_m3m3",4,"HC","SW","109.SW"
"317","E303",2020,109,"rDrought",0.0118,"soilM_m3m3",4,"CD","NE","109.NE"
"318","E303",2020,109,"rHeatDrought",0.00219999999999999,"soilM_m3m3",4,"HD","NW","109.NW"
"319","E303",2020,220,"rHeat",0.00260000000000001,"soilM_m3m3",4,"HC","NW","220.NW"
"320","E303",2020,220,"rDrought",0.0014,"soilM_m3m3",4,"CD","NE","220.NE"
"321","E303",2020,220,"rHeatDrought",-0.0138,"soilM_m3m3",4,"HD","SW","220.SW"
"322","E303",2020,230,"rHeat",0.00260000000000001,"soilM_m3m3",4,"HC","SW","230.SW"
"323","E303",2020,230,"rDrought",-0.0074,"soilM_m3m3",4,"CD","SE","230.SE"
"324","E303",2020,230,"rHeatDrought",-0.0044,"soilM_m3m3",4,"HD","NW","230.NW"
"325","E303",2020,237,"rHeat",-0.011,"soilM_m3m3",4,"HC","SW","237.SW"
"326","E303",2020,237,"rDrought",-0.0114,"soilM_m3m3",4,"CD","NE","237.NE"
"327","E303",2020,237,"rHeatDrought",-0.0114,"soilM_m3m3",4,"HD","NW","237.NW"
"328","E303",2020,268,"rHeat",-0.00359999999999999,"soilM_m3m3",4,"HC","SW","268.SW"
"329","E303",2020,268,"rDrought",0.0148,"soilM_m3m3",4,"CD","NE","268.NE"
"330","E303",2020,268,"rHeatDrought",-0.00159999999999999,"soilM_m3m3",4,"HD","NW","268.NW"
"331","E303",2020,273,"rHeat",-0.00319999999999999,"soilM_m3m3",4,"HC","NW","273.NW"
"332","E303",2020,273,"rDrought",0.012,"soilM_m3m3",4,"CD","NE","273.NE"
"333","E303",2020,273,"rHeatDrought",0.0082,"soilM_m3m3",4,"HD","SW","273.SW"
"334","E303",2020,29,"rHeat",0.0184,"soilM_m3m3",4,"HC","SW","29.SW"
"335","E303",2020,29,"rDrought",0.0054,"soilM_m3m3",4,"CD","SE","29.SE"
"336","E303",2020,29,"rHeatDrought",0.0216,"soilM_m3m3",4,"HD","NW","29.NW"
"337","E303",2020,338,"rHeat",0.0044,"soilM_m3m3",4,"HC","SW","338.SW"
"338","E303",2020,338,"rDrought",0.00700000000000001,"soilM_m3m3",4,"CD","SE","338.SE"
"339","E303",2020,338,"rHeatDrought",-0.0052,"soilM_m3m3",4,"HD","NW","338.NW"
"340","E303",2020,69,"rHeat",0.0058,"soilM_m3m3",4,"HC","NW","69.NW"
"341","E303",2020,69,"rDrought",-0.0024,"soilM_m3m3",4,"CD","NE","69.NE"
"342","E303",2020,69,"rHeatDrought",-0.002,"soilM_m3m3",4,"HD","SW","69.SW"
"343","E303",2020,82,"rHeat",-0.000200000000000006,"soilM_m3m3",4,"HC","NW","82.NW"
"344","E303",2020,82,"rDrought",-0.0202,"soilM_m3m3",4,"CD","NE","82.NE"
"345","E303",2020,82,"rHeatDrought",0.0062,"soilM_m3m3",4,"HD","SW","82.SW"
"346","E303",2020,83,"rHeat",0.0062,"soilM_m3m3",4,"HC","SW","83.SW"
"347","E303",2020,83,"rDrought",0,"soilM_m3m3",4,"CD","SE","83.SE"
"348","E303",2020,83,"rHeatDrought",0.00299999999999999,"soilM_m3m3",4,"HD","NW","83.NW"
"349","E303",2020,108,"rHeat",0.0086,"soilM_m3m3",4,"HC","NW","108.NW"
"350","E303",2020,108,"rDrought",0.0056,"soilM_m3m3",4,"CD","NE","108.NE"
"351","E303",2020,108,"rHeatDrought",-0.0036,"soilM_m3m3",4,"HD","SW","108.SW"
"352","E303",2020,109,"rHeat",0.0584,"soilM_m3m3",4,"HC","SW","109.SW"
"353","E303",2020,109,"rDrought",-0.0052,"soilM_m3m3",4,"CD","NE","109.NE"
"354","E303",2020,109,"rHeatDrought",-0.0062,"soilM_m3m3",4,"HD","NW","109.NW"
"355","E303",2020,110,"rHeat",-3.46944695195361e-18,"soilM_m3m3",4,"HC","NW","110.NW"
"356","E303",2020,110,"rDrought",-0.0026,"soilM_m3m3",4,"CD","SE","110.SE"
"357","E303",2020,110,"rHeatDrought",-0.008,"soilM_m3m3",4,"HD","SW","110.SW"
"358","E303",2020,137,"rHeat",0.0056,"soilM_m3m3",4,"HC","NW","137.NW"
"359","E303",2020,137,"rDrought",0.000399999999999998,"soilM_m3m3",4,"CD","NE","137.NE"
"360","E303",2020,137,"rHeatDrought",-0.0158,"soilM_m3m3",4,"HD","SW","137.SW"
"361","E303",2020,167,"rHeat",-6e-04,"soilM_m3m3",4,"HC","NW","167.NW"
"362","E303",2020,167,"rDrought",-0.001,"soilM_m3m3",4,"CD","SE","167.SE"
"363","E303",2020,167,"rHeatDrought",0.0036,"soilM_m3m3",4,"HD","SW","167.SW"
"364","E303",2020,176,"rHeat",0.0028,"soilM_m3m3",4,"HC","NW","176.NW"
"365","E303",2020,176,"rDrought",0.003,"soilM_m3m3",4,"CD","NE","176.NE"
"366","E303",2020,176,"rHeatDrought",0.0072,"soilM_m3m3",4,"HD","SW","176.SW"
"367","E303",2020,201,"rHeat",-0.0106,"soilM_m3m3",4,"HC","NW","201.NW"
"368","E303",2020,201,"rDrought",-0.0082,"soilM_m3m3",4,"CD","SE","201.SE"
"369","E303",2020,201,"rHeatDrought",-0.011,"soilM_m3m3",4,"HD","SW","201.SW"
"370","E303",2020,202,"rHeat",0.00480000000000001,"soilM_m3m3",4,"HC","SW","202.SW"
"371","E303",2020,202,"rDrought",0.0162,"soilM_m3m3",4,"CD","SE","202.SE"
"372","E303",2020,202,"rHeatDrought",-0.00319999999999999,"soilM_m3m3",4,"HD","NW","202.NW"
"373","E303",2020,220,"rHeat",-0.0012,"soilM_m3m3",4,"HC","NW","220.NW"
"374","E303",2020,220,"rDrought",0.0026,"soilM_m3m3",4,"CD","NE","220.NE"
"375","E303",2020,220,"rHeatDrought",0.000800000000000002,"soilM_m3m3",4,"HD","SW","220.SW"
"376","E303",2020,223,"rHeat",-0.0022,"soilM_m3m3",4,"HC","SW","223.SW"
"377","E303",2020,223,"rDrought",-0.0036,"soilM_m3m3",4,"CD","NE","223.NE"
"378","E303",2020,223,"rHeatDrought",-0.0016,"soilM_m3m3",4,"HD","NW","223.NW"
"379","E303",2020,229,"rHeat",0.0414,"soilM_m3m3",4,"HC","NW","229.NW"
"380","E303",2020,229,"rDrought",0.000799999999999999,"soilM_m3m3",4,"CD","SE","229.SE"
"381","E303",2020,229,"rHeatDrought",-0.005,"soilM_m3m3",4,"HD","SW","229.SW"
"382","E303",2020,230,"rHeat",6.93889390390723e-18,"soilM_m3m3",4,"HC","SW","230.SW"
"383","E303",2020,230,"rDrought",-0.0028,"soilM_m3m3",4,"CD","SE","230.SE"
"384","E303",2020,230,"rHeatDrought",-0.012,"soilM_m3m3",4,"HD","NW","230.NW"
"385","E303",2020,233,"rHeat",-0.01,"soilM_m3m3",4,"HC","SW","233.SW"
"386","E303",2020,233,"rDrought",-0.0064,"soilM_m3m3",4,"CD","NE","233.NE"
"387","E303",2020,233,"rHeatDrought",-0.0102,"soilM_m3m3",4,"HD","NW","233.NW"
"388","E303",2020,237,"rHeat",-0.007,"soilM_m3m3",4,"HC","SW","237.SW"
"389","E303",2020,237,"rDrought",-0.0118,"soilM_m3m3",4,"CD","NE","237.NE"
"390","E303",2020,237,"rHeatDrought",-0.0242,"soilM_m3m3",4,"HD","NW","237.NW"
"391","E303",2020,253,"rHeat",0,"soilM_m3m3",4,"HC","NW","253.NW"
"392","E303",2020,253,"rDrought",-0.011,"soilM_m3m3",4,"CD","SE","253.SE"
"393","E303",2020,253,"rHeatDrought",-0.0144,"soilM_m3m3",4,"HD","SW","253.SW"
"394","E303",2020,268,"rHeat",-0.0096,"soilM_m3m3",4,"HC","SW","268.SW"
"395","E303",2020,268,"rDrought",-0.000799999999999999,"soilM_m3m3",4,"CD","NE","268.NE"
"396","E303",2020,268,"rHeatDrought",-0.0088,"soilM_m3m3",4,"HD","NW","268.NW"
"397","E303",2020,273,"rHeat",0.0152,"soilM_m3m3",4,"HC","NW","273.NW"
"398","E303",2020,273,"rDrought",0.009,"soilM_m3m3",4,"CD","NE","273.NE"
"399","E303",2020,273,"rHeatDrought",-0.000400000000000005,"soilM_m3m3",4,"HD","SW","273.SW"
"400","E303",2020,280,"rHeat",-0.0046,"soilM_m3m3",4,"HC","NW","280.NW"
"401","E303",2020,280,"rDrought",-0.0042,"soilM_m3m3",4,"CD","SE","280.SE"
"402","E303",2020,280,"rHeatDrought",-0.0132,"soilM_m3m3",4,"HD","SW","280.SW"
"403","E303",2020,282,"rHeat",-0.0024,"soilM_m3m3",4,"HC","SW","282.SW"
"404","E303",2020,282,"rDrought",-0.0012,"soilM_m3m3",4,"CD","NE","282.NE"
"405","E303",2020,282,"rHeatDrought",-0.0044,"soilM_m3m3",4,"HD","NW","282.NW"
"406","E303",2020,286,"rHeat",-0.009,"soilM_m3m3",4,"HC","NW","286.NW"
"407","E303",2020,286,"rDrought",-0.0046,"soilM_m3m3",4,"CD","SE","286.SE"
"408","E303",2020,286,"rHeatDrought",-0.0058,"soilM_m3m3",4,"HD","SW","286.SW"
"409","E303",2020,29,"rHeat",0.0012,"soilM_m3m3",4,"HC","SW","29.SW"
"410","E303",2020,29,"rDrought",0.0034,"soilM_m3m3",4,"CD","SE","29.SE"
"411","E303",2020,29,"rHeatDrought",-0.0032,"soilM_m3m3",4,"HD","NW","29.NW"
"412","E303",2020,290,"rHeat",0.005,"soilM_m3m3",4,"HC","SW","290.SW"
"413","E303",2020,290,"rDrought",6e-04,"soilM_m3m3",4,"CD","SE","290.SE"
"414","E303",2020,290,"rHeatDrought",-0.0014,"soilM_m3m3",4,"HD","NW","290.NW"
"415","E303",2020,299,"rHeat",0.0028,"soilM_m3m3",4,"HC","NW","299.NW"
"416","E303",2020,299,"rDrought",0.006,"soilM_m3m3",4,"CD","SE","299.SE"
"417","E303",2020,299,"rHeatDrought",-0.0038,"soilM_m3m3",4,"HD","SW","299.SW"
"418","E303",2020,301,"rHeat",-0.0034,"soilM_m3m3",4,"HC","SW","301.SW"
"419","E303",2020,301,"rDrought",-0.0032,"soilM_m3m3",4,"CD","SE","301.SE"
"420","E303",2020,301,"rHeatDrought",-0.0034,"soilM_m3m3",4,"HD","NW","301.NW"
"421","E303",2020,69,"rHeat",0.002,"soilM_m3m3",4,"HC","NW","69.NW"
"422","E303",2020,69,"rDrought",0.000799999999999999,"soilM_m3m3",4,"CD","NE","69.NE"
"423","E303",2020,69,"rHeatDrought",-0.0056,"soilM_m3m3",4,"HD","SW","69.SW"
"424","E303",2020,82,"rHeat",0.0024,"soilM_m3m3",4,"HC","NW","82.NW"
"425","E303",2020,82,"rDrought",-0.008,"soilM_m3m3",4,"CD","NE","82.NE"
"426","E303",2020,82,"rHeatDrought",-0.0066,"soilM_m3m3",4,"HD","SW","82.SW"
"427","E303",2020,83,"rHeat",-0.0234,"soilM_m3m3",4,"HC","SW","83.SW"
"428","E303",2020,83,"rDrought",-0.0206,"soilM_m3m3",4,"CD","SE","83.SE"
"429","E303",2020,83,"rHeatDrought",-0.0178,"soilM_m3m3",4,"HD","NW","83.NW"
"430","E303",2020,299,"rHeat",0.00559999999999999,"soilM_m3m3",4,"HC","NW","299.NW"
"431","E303",2020,299,"rDrought",-0.0144,"soilM_m3m3",4,"CD","SE","299.SE"
"432","E303",2020,299,"rHeatDrought",-0.0114,"soilM_m3m3",4,"HD","SW","299.SW"
"433","E303",2020,301,"rHeat",0.0042,"soilM_m3m3",4,"HC","SW","301.SW"
"434","E303",2020,301,"rDrought",-0.0084,"soilM_m3m3",4,"CD","SE","301.SE"
"435","E303",2020,301,"rHeatDrought",-0.0116,"soilM_m3m3",4,"HD","NW","301.NW"
"436","E303",2020,325,"rHeat",-0.00319999999999999,"soilM_m3m3",4,"HC","SW","325.SW"
"437","E303",2020,325,"rDrought",-0.0192,"soilM_m3m3",4,"CD","NE","325.NE"
"438","E303",2020,325,"rHeatDrought",-0.0014,"soilM_m3m3",4,"HD","NW","325.NW"
"439","E303",2020,328,"rHeat",0.00659999999999999,"soilM_m3m3",4,"HC","SW","328.SW"
"440","E303",2020,328,"rDrought",-0.0114,"soilM_m3m3",4,"CD","SE","328.SE"
"441","E303",2020,328,"rHeatDrought",-0.0108,"soilM_m3m3",4,"HD","NW","328.NW"
"442","E303",2020,338,"rHeat",-0.0054,"soilM_m3m3",4,"HC","SW","338.SW"
"443","E303",2020,338,"rDrought",-0.0154,"soilM_m3m3",4,"CD","SE","338.SE"
"444","E303",2020,338,"rHeatDrought",-0.0286,"soilM_m3m3",4,"HD","NW","338.NW"
"445","E303",2021,108,"rHeat",0.0086,"soilM_m3m3",5,"HC","NW","108.NW"
"446","E303",2021,108,"rDrought",-0.0218,"soilM_m3m3",5,"CD","NE","108.NE"
"447","E303",2021,108,"rHeatDrought",-0.0214,"soilM_m3m3",5,"HD","SW","108.SW"
"448","E303",2021,109,"rHeat",0.0198,"soilM_m3m3",5,"HC","SW","109.SW"
"449","E303",2021,109,"rDrought",0.022,"soilM_m3m3",5,"CD","NE","109.NE"
"450","E303",2021,109,"rHeatDrought",-0.0172,"soilM_m3m3",5,"HD","NW","109.NW"
"451","E303",2021,137,"rHeat",-0.0078,"soilM_m3m3",5,"HC","NW","137.NW"
"452","E303",2021,137,"rDrought",-0.0354,"soilM_m3m3",5,"CD","NE","137.NE"
"453","E303",2021,137,"rHeatDrought",-0.0204,"soilM_m3m3",5,"HD","SW","137.SW"
"454","E303",2021,138,"rHeat",-0.018,"soilM_m3m3",5,"HC","SW","138.SW"
"455","E303",2021,138,"rDrought",-0.0206,"soilM_m3m3",5,"CD","NE","138.NE"
"456","E303",2021,138,"rHeatDrought",-0.0344,"soilM_m3m3",5,"HD","NW","138.NW"
"457","E303",2021,167,"rHeat",-0.0174,"soilM_m3m3",5,"HC","NW","167.NW"
"458","E303",2021,167,"rDrought",-0.021,"soilM_m3m3",5,"CD","SE","167.SE"
"459","E303",2021,167,"rHeatDrought",-0.029,"soilM_m3m3",5,"HD","SW","167.SW"
"460","E303",2021,176,"rHeat",-0.00460000000000001,"soilM_m3m3",5,"HC","NW","176.NW"
"461","E303",2021,176,"rDrought",-0.028,"soilM_m3m3",5,"CD","NE","176.NE"
"462","E303",2021,176,"rHeatDrought",-0.034,"soilM_m3m3",5,"HD","SW","176.SW"
"463","E303",2021,201,"rHeat",-0.1134,"soilM_m3m3",5,"HC","NW","201.NW"
"464","E303",2021,201,"rDrought",-0.1616,"soilM_m3m3",5,"CD","SE","201.SE"
"465","E303",2021,201,"rHeatDrought",-0.1464,"soilM_m3m3",5,"HD","SW","201.SW"
"466","E303",2021,202,"rHeat",-0.04,"soilM_m3m3",5,"HC","SW","202.SW"
"467","E303",2021,202,"rDrought",-0.0182,"soilM_m3m3",5,"CD","SE","202.SE"
"468","E303",2021,202,"rHeatDrought",0.0234,"soilM_m3m3",5,"HD","NW","202.NW"
"469","E303",2021,220,"rHeat",-0.035,"soilM_m3m3",5,"HC","NW","220.NW"
"470","E303",2021,220,"rDrought",-0.0744,"soilM_m3m3",5,"CD","NE","220.NE"
"471","E303",2021,220,"rHeatDrought",-0.0626,"soilM_m3m3",5,"HD","SW","220.SW"
"472","E303",2021,223,"rHeat",0.0124,"soilM_m3m3",5,"HC","SW","223.SW"
"473","E303",2021,223,"rDrought",0.0326,"soilM_m3m3",5,"CD","NE","223.NE"
"474","E303",2021,223,"rHeatDrought",-0.001,"soilM_m3m3",5,"HD","NW","223.NW"
"475","E303",2021,82,"rHeat",0.1002,"soilM_m3m3",5,"HC","NW","82.NW"
"476","E303",2021,82,"rDrought",0.0396,"soilM_m3m3",5,"CD","NE","82.NE"
"477","E303",2021,82,"rHeatDrought",-0.0328,"soilM_m3m3",5,"HD","SW","82.SW"
"478","E303",2021,83,"rHeat",-0.024,"soilM_m3m3",5,"HC","SW","83.SW"
"479","E303",2021,83,"rDrought",-0.037,"soilM_m3m3",5,"CD","SE","83.SE"
"480","E303",2021,83,"rHeatDrought",-0.0472,"soilM_m3m3",5,"HD","NW","83.NW"
"481","E303",2021,268,"rHeat",0.00120000000000001,"soilM_m3m3",5,"HC","SW","268.SW"
"482","E303",2021,268,"rDrought",-0.0128,"soilM_m3m3",5,"CD","NE","268.NE"
"483","E303",2021,268,"rHeatDrought",-0.02,"soilM_m3m3",5,"HD","NW","268.NW"
"484","E303",2021,291,"rHeat",-0.0054,"soilM_m3m3",5,"HC","SW","291.SW"
"485","E303",2021,291,"rDrought",-0.0256,"soilM_m3m3",5,"CD","SE","291.SE"
"486","E303",2021,291,"rHeatDrought",-0.0202,"soilM_m3m3",5,"HD","NW","291.NW"
"487","E303",2021,299,"rHeat",-0.0096,"soilM_m3m3",5,"HC","NW","299.NW"
"488","E303",2021,299,"rDrought",-0.0118,"soilM_m3m3",5,"CD","SE","299.SE"
"489","E303",2021,299,"rHeatDrought",-0.017,"soilM_m3m3",5,"HD","SW","299.SW"
"490","E303",2021,301,"rHeat",-0.011,"soilM_m3m3",5,"HC","SW","301.SW"
"491","E303",2021,301,"rDrought",-0.018,"soilM_m3m3",5,"CD","SE","301.SE"
"492","E303",2021,301,"rHeatDrought",-0.0342,"soilM_m3m3",5,"HD","NW","301.NW"
"493","E303",2021,325,"rHeat",-0.0256,"soilM_m3m3",5,"HC","SW","325.SW"
"494","E303",2021,325,"rDrought",0.00639999999999999,"soilM_m3m3",5,"CD","NE","325.NE"
"495","E303",2021,325,"rHeatDrought",-0.0248,"soilM_m3m3",5,"HD","NW","325.NW"
"496","E303",2021,328,"rHeat",-0.0014,"soilM_m3m3",5,"HC","SW","328.SW"
"497","E303",2021,328,"rDrought",-0.0356,"soilM_m3m3",5,"CD","SE","328.SE"
"498","E303",2021,328,"rHeatDrought",-0.0368,"soilM_m3m3",5,"HD","NW","328.NW"
"499","E303",2021,338,"rHeat",0.00220000000000001,"soilM_m3m3",5,"HC","SW","338.SW"
"500","E303",2021,338,"rDrought",-0.027,"soilM_m3m3",5,"CD","SE","338.SE"
"501","E303",2021,338,"rHeatDrought",0.1206,"soilM_m3m3",5,"HD","NW","338.NW"
"502","E303",2022,69,"rHeat",-0.0678,"soilM_m3m3",6,"HC","NW","69.NW"
"503","E303",2022,69,"rDrought",-0.0822,"soilM_m3m3",6,"CD","NE","69.NE"
"504","E303",2022,69,"rHeatDrought",-0.0868,"soilM_m3m3",6,"HD","SW","69.SW"
"505","E303",2022,82,"rHeat",-0.0226,"soilM_m3m3",6,"HC","NW","82.NW"
"506","E303",2022,82,"rDrought",-0.0228,"soilM_m3m3",6,"CD","NE","82.NE"
"507","E303",2022,82,"rHeatDrought",-0.039,"soilM_m3m3",6,"HD","SW","82.SW"
"508","E303",2022,83,"rHeat",-0.0046,"soilM_m3m3",6,"HC","SW","83.SW"
"509","E303",2022,83,"rDrought",-0.0194,"soilM_m3m3",6,"CD","SE","83.SE"
"510","E303",2022,83,"rHeatDrought",-0.0184,"soilM_m3m3",6,"HD","NW","83.NW"
"511","E303",2022,108,"rHeat",-0.0048,"soilM_m3m3",6,"HC","NW","108.NW"
"512","E303",2022,108,"rDrought",0.00120000000000001,"soilM_m3m3",6,"CD","NE","108.NE"
"513","E303",2022,108,"rHeatDrought",-0.0246,"soilM_m3m3",6,"HD","SW","108.SW"
"514","E303",2022,109,"rHeat",-0.0102,"soilM_m3m3",6,"HC","SW","109.SW"
"515","E303",2022,109,"rDrought",-0.000600000000000003,"soilM_m3m3",6,"CD","NE","109.NE"
"516","E303",2022,109,"rHeatDrought",-0.0164,"soilM_m3m3",6,"HD","NW","109.NW"
"517","E303",2022,137,"rHeat",-0.0306,"soilM_m3m3",6,"HC","NW","137.NW"
"518","E303",2022,137,"rDrought",-0.0368,"soilM_m3m3",6,"CD","NE","137.NE"
"519","E303",2022,137,"rHeatDrought",-0.0202,"soilM_m3m3",6,"HD","SW","137.SW"
"520","E303",2022,138,"rHeat",-0.026,"soilM_m3m3",6,"HC","SW","138.SW"
"521","E303",2022,138,"rDrought",-0.0228,"soilM_m3m3",6,"CD","NE","138.NE"
"522","E303",2022,138,"rHeatDrought",-0.0294,"soilM_m3m3",6,"HD","NW","138.NW"
"523","E303",2022,167,"rHeat",-0.0188,"soilM_m3m3",6,"HC","NW","167.NW"
"524","E303",2022,167,"rDrought",-0.0054,"soilM_m3m3",6,"CD","SE","167.SE"
"525","E303",2022,167,"rHeatDrought",-0.0252,"soilM_m3m3",6,"HD","SW","167.SW"
"526","E303",2022,176,"rHeat",-0.0224,"soilM_m3m3",6,"HC","NW","176.NW"
"527","E303",2022,176,"rDrought",-0.0124,"soilM_m3m3",6,"CD","NE","176.NE"
"528","E303",2022,176,"rHeatDrought",-0.0276,"soilM_m3m3",6,"HD","SW","176.SW"
"529","E303",2022,201,"rHeat",-0.0052,"soilM_m3m3",6,"HC","NW","201.NW"
"530","E303",2022,201,"rDrought",0.00860000000000001,"soilM_m3m3",6,"CD","SE","201.SE"
"531","E303",2022,201,"rHeatDrought",-0.0216,"soilM_m3m3",6,"HD","SW","201.SW"
"532","E303",2022,202,"rHeat",-0.023,"soilM_m3m3",6,"HC","SW","202.SW"
"533","E303",2022,202,"rDrought",-0.022,"soilM_m3m3",6,"CD","SE","202.SE"
"534","E303",2022,202,"rHeatDrought",-0.0168,"soilM_m3m3",6,"HD","NW","202.NW"
"535","E303",2022,220,"rHeat",-0.0096,"soilM_m3m3",6,"HC","NW","220.NW"
"536","E303",2022,220,"rDrought",-0.0168,"soilM_m3m3",6,"CD","NE","220.NE"
"537","E303",2022,220,"rHeatDrought",-0.0222,"soilM_m3m3",6,"HD","SW","220.SW"
"538","E303",2022,223,"rHeat",0.0074,"soilM_m3m3",6,"HC","SW","223.SW"
"539","E303",2022,223,"rDrought",0.0304,"soilM_m3m3",6,"CD","NE","223.NE"
"540","E303",2022,223,"rHeatDrought",0.116,"soilM_m3m3",6,"HD","NW","223.NW"
"541","E303",2022,229,"rHeat",-0.0144,"soilM_m3m3",6,"HC","NW","229.NW"
"542","E303",2022,229,"rDrought",-0.008,"soilM_m3m3",6,"CD","SE","229.SE"
"543","E303",2022,229,"rHeatDrought",-0.016,"soilM_m3m3",6,"HD","SW","229.SW"
"544","E303",2022,230,"rHeat",-0.00659999999999999,"soilM_m3m3",6,"HC","SW","230.SW"
"545","E303",2022,230,"rDrought",0.0136,"soilM_m3m3",6,"CD","SE","230.SE"
"546","E303",2022,230,"rHeatDrought",-0.005,"soilM_m3m3",6,"HD","NW","230.NW"
"547","E303",2022,233,"rHeat",-0.022,"soilM_m3m3",6,"HC","SW","233.SW"
"548","E303",2022,233,"rDrought",-0.00899999999999999,"soilM_m3m3",6,"CD","NE","233.NE"
"549","E303",2022,233,"rHeatDrought",-0.0248,"soilM_m3m3",6,"HD","NW","233.NW"
"550","E303",2022,237,"rHeat",-0.0152,"soilM_m3m3",6,"HC","SW","237.SW"
"551","E303",2022,237,"rDrought",-0.0278,"soilM_m3m3",6,"CD","NE","237.NE"
"552","E303",2022,237,"rHeatDrought",-0.0388,"soilM_m3m3",6,"HD","NW","237.NW"
"553","E303",2022,253,"rHeat",-0.0252,"soilM_m3m3",6,"HC","NW","253.NW"
"554","E303",2022,253,"rDrought",-0.0408,"soilM_m3m3",6,"CD","SE","253.SE"
"555","E303",2022,253,"rHeatDrought",-0.0524,"soilM_m3m3",6,"HD","SW","253.SW"
"556","E303",2022,268,"rHeat",-0.000399999999999998,"soilM_m3m3",6,"HC","SW","268.SW"
"557","E303",2022,268,"rDrought",-0.0034,"soilM_m3m3",6,"CD","NE","268.NE"
"558","E303",2022,268,"rHeatDrought",-0.0214,"soilM_m3m3",6,"HD","NW","268.NW"
"559","E303",2022,273,"rHeat",0.0076,"soilM_m3m3",6,"HC","NW","273.NW"
"560","E303",2022,273,"rDrought",0.0166,"soilM_m3m3",6,"CD","NE","273.NE"
"561","E303",2022,273,"rHeatDrought",-0.0192,"soilM_m3m3",6,"HD","SW","273.SW"
"562","E303",2022,280,"rHeat",-0.0248,"soilM_m3m3",6,"HC","NW","280.NW"
"563","E303",2022,280,"rDrought",-0.0256,"soilM_m3m3",6,"CD","SE","280.SE"
"564","E303",2022,280,"rHeatDrought",-0.0228,"soilM_m3m3",6,"HD","SW","280.SW"
"565","E303",2022,282,"rHeat",-0.0184,"soilM_m3m3",6,"HC","SW","282.SW"
"566","E303",2022,282,"rDrought",-0.0178,"soilM_m3m3",6,"CD","NE","282.NE"
"567","E303",2022,282,"rHeatDrought",-0.022,"soilM_m3m3",6,"HD","NW","282.NW"
"568","E303",2022,29,"rHeat",-0.0266,"soilM_m3m3",6,"HC","SW","29.SW"
"569","E303",2022,29,"rDrought",-0.0136,"soilM_m3m3",6,"CD","SE","29.SE"
"570","E303",2022,29,"rHeatDrought",-0.0272,"soilM_m3m3",6,"HD","NW","29.NW"
"571","E303",2022,291,"rHeat",-0.0192,"soilM_m3m3",6,"HC","SW","291.SW"
"572","E303",2022,291,"rDrought",-0.0104,"soilM_m3m3",6,"CD","SE","291.SE"
"573","E303",2022,291,"rHeatDrought",-0.0226,"soilM_m3m3",6,"HD","NW","291.NW"
"574","E303",2022,299,"rHeat",-0.00700000000000001,"soilM_m3m3",6,"HC","NW","299.NW"
"575","E303",2022,299,"rDrought",-0.0038,"soilM_m3m3",6,"CD","SE","299.SE"
"576","E303",2022,299,"rHeatDrought",-0.0122,"soilM_m3m3",6,"HD","SW","299.SW"
"577","E303",2022,301,"rHeat",-0.0154,"soilM_m3m3",6,"HC","SW","301.SW"
"578","E303",2022,301,"rDrought",-0.0254,"soilM_m3m3",6,"CD","SE","301.SE"
"579","E303",2022,301,"rHeatDrought",-0.0276,"soilM_m3m3",6,"HD","NW","301.NW"
"580","E303",2022,325,"rHeat",-0.0216,"soilM_m3m3",6,"HC","SW","325.SW"
"581","E303",2022,325,"rDrought",-0.0114,"soilM_m3m3",6,"CD","NE","325.NE"
"582","E303",2022,325,"rHeatDrought",-0.0234,"soilM_m3m3",6,"HD","NW","325.NW"
"583","E303",2022,328,"rHeat",-0.0104,"soilM_m3m3",6,"HC","SW","328.SW"
"584","E303",2022,328,"rDrought",-0.017,"soilM_m3m3",6,"CD","SE","328.SE"
"585","E303",2022,328,"rHeatDrought",-0.031,"soilM_m3m3",6,"HD","NW","328.NW"
"586","E303",2022,338,"rHeat",-0.018,"soilM_m3m3",6,"HC","SW","338.SW"
"587","E303",2022,338,"rDrought",-0.009,"soilM_m3m3",6,"CD","SE","338.SE"
"588","E303",2022,338,"rHeatDrought",-0.016,"soilM_m3m3",6,"HD","NW","338.NW"
"589","E303",2022,69,"rHeat",-0.0096,"soilM_m3m3",6,"HC","NW","69.NW"
"590","E303",2022,69,"rDrought",-0.0124,"soilM_m3m3",6,"CD","NE","69.NE"
"591","E303",2022,69,"rHeatDrought",-0.022,"soilM_m3m3",6,"HD","SW","69.SW"
"592","E303",2022,82,"rHeat",-0.0224,"soilM_m3m3",6,"HC","NW","82.NW"
"593","E303",2022,82,"rDrought",-0.0306,"soilM_m3m3",6,"CD","NE","82.NE"
"594","E303",2022,82,"rHeatDrought",-0.0336,"soilM_m3m3",6,"HD","SW","82.SW"
"595","E303",2022,83,"rHeat",-0.00839999999999999,"soilM_m3m3",6,"HC","SW","83.SW"
"596","E303",2022,83,"rDrought",-0.0176,"soilM_m3m3",6,"CD","SE","83.SE"
"597","E303",2022,83,"rHeatDrought",-0.0122,"soilM_m3m3",6,"HD","NW","83.NW"
"598","E303",2022,108,"rHeat",0.0336,"soilM_m3m3",6,"HC","NW","108.NW"
"599","E303",2022,108,"rDrought",0.0086,"soilM_m3m3",6,"CD","NE","108.NE"
"600","E303",2022,108,"rHeatDrought",-0.0172,"soilM_m3m3",6,"HD","SW","108.SW"
"601","E303",2022,109,"rHeat",0.0166,"soilM_m3m3",6,"HC","SW","109.SW"
"602","E303",2022,109,"rDrought",-0.0186,"soilM_m3m3",6,"CD","NE","109.NE"
"603","E303",2022,109,"rHeatDrought",-0.0076,"soilM_m3m3",6,"HD","NW","109.NW"
"604","E303",2022,137,"rHeat",-0.00600000000000001,"soilM_m3m3",6,"HC","NW","137.NW"
"605","E303",2022,137,"rDrought",-0.0474,"soilM_m3m3",6,"CD","NE","137.NE"
"606","E303",2022,137,"rHeatDrought",-0.0434,"soilM_m3m3",6,"HD","SW","137.SW"
"607","E303",2022,138,"rHeat",-0.0162,"soilM_m3m3",6,"HC","SW","138.SW"
"608","E303",2022,138,"rDrought",-0.0228,"soilM_m3m3",6,"CD","NE","138.NE"
"609","E303",2022,138,"rHeatDrought",-0.0344,"soilM_m3m3",6,"HD","NW","138.NW"
"610","E303",2022,167,"rHeat",-0.0082,"soilM_m3m3",6,"HC","NW","167.NW"
"611","E303",2022,167,"rDrought",-0.0176,"soilM_m3m3",6,"CD","SE","167.SE"
"612","E303",2022,167,"rHeatDrought",-0.0322,"soilM_m3m3",6,"HD","SW","167.SW"
"613","E303",2022,176,"rHeat",-0.00739999999999999,"soilM_m3m3",6,"HC","NW","176.NW"
"614","E303",2022,176,"rDrought",-0.0178,"soilM_m3m3",6,"CD","NE","176.NE"
"615","E303",2022,176,"rHeatDrought",-0.0462,"soilM_m3m3",6,"HD","SW","176.SW"
"616","E303",2022,223,"rHeat",0.0042,"soilM_m3m3",6,"HC","SW","223.SW"
"617","E303",2022,223,"rDrought",0.0306,"soilM_m3m3",6,"CD","NE","223.NE"
"618","E303",2022,223,"rHeatDrought",-0.00600000000000001,"soilM_m3m3",6,"HD","NW","223.NW"
"619","E303",2022,229,"rHeat",0.000799999999999995,"soilM_m3m3",6,"HC","NW","229.NW"
"620","E303",2022,229,"rDrought",-0.0232,"soilM_m3m3",6,"CD","SE","229.SE"
"621","E303",2022,229,"rHeatDrought",-0.0166,"soilM_m3m3",6,"HD","SW","229.SW"
"622","E303",2022,230,"rHeat",0.0262,"soilM_m3m3",6,"HC","SW","230.SW"
"623","E303",2022,230,"rDrought",0.026,"soilM_m3m3",6,"CD","SE","230.SE"
"624","E303",2022,230,"rHeatDrought",0.0194,"soilM_m3m3",6,"HD","NW","230.NW"
"625","E303",2022,233,"rHeat",-0.0226,"soilM_m3m3",6,"HC","SW","233.SW"
"626","E303",2022,233,"rDrought",-0.0218,"soilM_m3m3",6,"CD","NE","233.NE"
"627","E303",2022,233,"rHeatDrought",-0.0584,"soilM_m3m3",6,"HD","NW","233.NW"
"628","E303",2022,29,"rHeat",-0.00319999999999999,"soilM_m3m3",6,"HC","SW","29.SW"
"629","E303",2022,29,"rDrought",-0.0196,"soilM_m3m3",6,"CD","SE","29.SE"
"630","E303",2022,29,"rHeatDrought",-0.0286,"soilM_m3m3",6,"HD","NW","29.NW"
"631","E303",2022,69,"rHeat",0.00900000000000001,"soilM_m3m3",6,"HC","NW","69.NW"
"632","E303",2022,69,"rDrought",-0.0152,"soilM_m3m3",6,"CD","NE","69.NE"
"633","E303",2022,69,"rHeatDrought",-0.0276,"soilM_m3m3",6,"HD","SW","69.SW"
"634","E303",2022,82,"rHeat",-0.0156,"soilM_m3m3",6,"HC","NW","82.NW"
"635","E303",2022,82,"rDrought",-0.0406,"soilM_m3m3",6,"CD","NE","82.NE"
"636","E303",2022,82,"rHeatDrought",-0.0216,"soilM_m3m3",6,"HD","SW","82.SW"
"637","E303",2022,83,"rHeat",-0.0078,"soilM_m3m3",6,"HC","SW","83.SW"
"638","E303",2022,83,"rDrought",-0.012,"soilM_m3m3",6,"CD","SE","83.SE"
"639","E303",2022,83,"rHeatDrought",-0.0348,"soilM_m3m3",6,"HD","NW","83.NW"
"640","e303",2017,108,"rHeat",0.0132,"soilM_m3m3",1,"HC","NW","108.NW"
"641","e303",2017,108,"rDrought",-0.014,"soilM_m3m3",1,"CD","NE","108.NE"
"642","e303",2017,108,"rHeatDrought",-0.0176,"soilM_m3m3",1,"HD","SW","108.SW"
"643","e303",2017,109,"rHeat",-0.0264,"soilM_m3m3",1,"HC","SW","109.SW"
"644","e303",2017,109,"rDrought",-0.0202,"soilM_m3m3",1,"CD","NE","109.NE"
"645","e303",2017,109,"rHeatDrought",-0.0154,"soilM_m3m3",1,"HD","NW","109.NW"
"646","e303",2017,110,"rHeat",-0.00899999999999999,"soilM_m3m3",1,"HC","NW","110.NW"
"647","e303",2017,110,"rDrought",-0.000999999999999997,"soilM_m3m3",1,"CD","SE","110.SE"
"648","e303",2017,110,"rHeatDrought",-0.0134,"soilM_m3m3",1,"HD","SW","110.SW"
"649","e303",2017,137,"rHeat",-0.0438,"soilM_m3m3",1,"HC","NW","137.NW"
"650","e303",2017,137,"rDrought",-0.0446,"soilM_m3m3",1,"CD","NE","137.NE"
"651","e303",2017,137,"rHeatDrought",-0.0574,"soilM_m3m3",1,"HD","SW","137.SW"
"652","e303",2017,138,"rHeat",-0.016,"soilM_m3m3",1,"HC","SW","138.SW"
"653","e303",2017,138,"rDrought",-0.00959999999999999,"soilM_m3m3",1,"CD","NE","138.NE"
"654","e303",2017,138,"rHeatDrought",-0.0172,"soilM_m3m3",1,"HD","NW","138.NW"
"655","e303",2017,167,"rHeat",-0.0129,"soilM_m3m3",1,"HC","NW","167.NW"
"656","e303",2017,167,"rDrought",-0.00340000000000001,"soilM_m3m3",1,"CD","SE","167.SE"
"657","e303",2017,167,"rHeatDrought",-0.0032,"soilM_m3m3",1,"HD","SW","167.SW"
"658","e303",2017,176,"rHeat",-0.017,"soilM_m3m3",1,"HC","NW","176.NW"
"659","e303",2017,176,"rDrought",0.00279999999999999,"soilM_m3m3",1,"CD","NE","176.NE"
"660","e303",2017,176,"rHeatDrought",-0.007,"soilM_m3m3",1,"HD","SW","176.SW"
"661","e303",2017,69,"rHeat",-0.00160000000000001,"soilM_m3m3",1,"HC","NW","69.NW"
"662","e303",2017,69,"rDrought",-0.0158,"soilM_m3m3",1,"CD","NE","69.NE"
"663","e303",2017,69,"rHeatDrought",-0.024,"soilM_m3m3",1,"HD","SW","69.SW"
"664","e303",2017,82,"rHeat",-0.0108,"soilM_m3m3",1,"HC","NW","82.NW"
"665","e303",2017,82,"rDrought",-0.0158,"soilM_m3m3",1,"CD","NE","82.NE"
"666","e303",2017,82,"rHeatDrought",-0.0096,"soilM_m3m3",1,"HD","SW","82.SW"
"667","e303",2017,83,"rHeat",-0.0334,"soilM_m3m3",1,"HC","SW","83.SW"
"668","e303",2017,83,"rDrought",-0.0284,"soilM_m3m3",1,"CD","SE","83.SE"
"669","e303",2017,83,"rHeatDrought",-0.0388,"soilM_m3m3",1,"HD","NW","83.NW"
"670","e303",2017,237,"rHeat",-0.013,"soilM_m3m3",1,"HC","SW","237.SW"
"671","e303",2017,237,"rDrought",-0.0284,"soilM_m3m3",1,"CD","NE","237.NE"
"672","e303",2017,237,"rHeatDrought",-0.0308,"soilM_m3m3",1,"HD","NW","237.NW"
"673","e303",2017,253,"rHeat",0.005,"soilM_m3m3",1,"HC","NW","253.NW"
"674","e303",2017,253,"rDrought",-6e-04,"soilM_m3m3",1,"CD","SE","253.SE"
"675","e303",2017,253,"rHeatDrought",4.44089209850063e-18,"soilM_m3m3",1,"HD","SW","253.SW"
"676","e303",2017,268,"rHeat",-0.014,"soilM_m3m3",1,"HC","SW","268.SW"
"677","e303",2017,268,"rDrought",-0.014,"soilM_m3m3",1,"CD","NE","268.NE"
"678","e303",2017,268,"rHeatDrought",-0.0184,"soilM_m3m3",1,"HD","NW","268.NW"
"679","e303",2017,273,"rHeat",-0.00260000000000001,"soilM_m3m3",1,"HC","NW","273.NW"
"680","e303",2017,273,"rDrought",-0.00360000000000001,"soilM_m3m3",1,"CD","NE","273.NE"
"681","e303",2017,273,"rHeatDrought",-0.0188,"soilM_m3m3",1,"HD","SW","273.SW"
"682","e303",2017,280,"rHeat",-0.0062,"soilM_m3m3",1,"HC","NW","280.NW"
"683","e303",2017,280,"rDrought",0.0042,"soilM_m3m3",1,"CD","SE","280.SE"
"684","e303",2017,280,"rHeatDrought",-0.0054,"soilM_m3m3",1,"HD","SW","280.SW"
"685","e303",2017,282,"rHeat",-0.01,"soilM_m3m3",1,"HC","SW","282.SW"
"686","e303",2017,282,"rDrought",-0.00580000000000001,"soilM_m3m3",1,"CD","NE","282.NE"
"687","e303",2017,282,"rHeatDrought",-0.0112,"soilM_m3m3",1,"HD","NW","282.NW"
"688","e303",2017,286,"rHeat",-0.0136,"soilM_m3m3",1,"HC","NW","286.NW"
"689","e303",2017,286,"rDrought",-0.0078,"soilM_m3m3",1,"CD","SE","286.SE"
"690","e303",2017,286,"rHeatDrought",-0.0176,"soilM_m3m3",1,"HD","SW","286.SW"
"691","e303",2017,290,"rHeat",-0.0064,"soilM_m3m3",1,"HC","SW","290.SW"
"692","e303",2017,290,"rDrought",-0.01,"soilM_m3m3",1,"CD","SE","290.SE"
"693","e303",2017,290,"rHeatDrought",-0.0164,"soilM_m3m3",1,"HD","NW","290.NW"
"694","e303",2017,291,"rHeat",-0.0084,"soilM_m3m3",1,"HC","SW","291.SW"
"695","e303",2017,291,"rDrought",-0.0036,"soilM_m3m3",1,"CD","SE","291.SE"
"696","e303",2017,291,"rHeatDrought",-0.0028,"soilM_m3m3",1,"HD","NW","291.NW"
"697","e303",2017,299,"rHeat",-0.0076,"soilM_m3m3",1,"HC","NW","299.NW"
"698","e303",2017,299,"rDrought",-0.01,"soilM_m3m3",1,"CD","SE","299.SE"
"699","e303",2017,299,"rHeatDrought",-0.018,"soilM_m3m3",1,"HD","SW","299.SW"
"700","e303",2017,301,"rHeat",-0.0224,"soilM_m3m3",1,"HC","SW","301.SW"
"701","e303",2017,301,"rDrought",-0.0356,"soilM_m3m3",1,"CD","SE","301.SE"
"702","e303",2017,301,"rHeatDrought",-0.0278,"soilM_m3m3",1,"HD","NW","301.NW"
"703","e303",2017,325,"rHeat",-0.005,"soilM_m3m3",1,"HC","SW","325.SW"
"704","e303",2017,325,"rDrought",-0.000200000000000005,"soilM_m3m3",1,"CD","NE","325.NE"
"705","e303",2017,325,"rHeatDrought",-0.0098,"soilM_m3m3",1,"HD","NW","325.NW"
"706","e303",2017,328,"rHeat",-0.007,"soilM_m3m3",1,"HC","SW","328.SW"
"707","e303",2017,328,"rDrought",-0.00859999999999999,"soilM_m3m3",1,"CD","SE","328.SE"
"708","e303",2017,328,"rHeatDrought",-0.00379999999999999,"soilM_m3m3",1,"HD","NW","328.NW"
"709","e303",2017,338,"rHeat",-0.00340000000000001,"soilM_m3m3",1,"HC","SW","338.SW"
"710","e303",2017,338,"rDrought",-0.0032,"soilM_m3m3",1,"CD","SE","338.SE"
"711","e303",2017,338,"rHeatDrought",-0.00680000000000001,"soilM_m3m3",1,"HD","NW","338.NW"
